Número de Procedimiento,Testigo Social,Entidad Federativa,Descripción,Tipo de Procedimiento,Tipo de Contratación,Fecha Publicación,Estado,Adjudicado A,Monto Adjudicado
CFE-0201-CSAAN-0002-2025,NO,Baja California,ADQUISICIÓN DE AGUA DESMINERALIZADA PARA ZONAS DE TRANSMISIÓN DE LA GRTBC,Concurso simplificado,Adquisición por Abastecimientos,07-05-2025,Vigente,,$0.00
CFE-0201-CSAAN-0001-2025,NO,Baja California,"ADQUISICIÓN DE CONTACTOS MOVILES, CONTACTOS FIJOS Y BRAZOS PARA CUCHILLAS 245 kV",Concurso simplificado,Adquisición por Abastecimientos,06-05-2025,Vigente,,$0.00
CFE-0201-CSSON-0001-2025,NO,Baja California,ELABORACIÓN DEL PROYECTO EJECUTIVO PARA NUEVO EDIFICIO DEL SECTOR CERRO PRIETO DE LA GERENCIA REGIONAL DE TRANSMISIÓN BAJA CALIFORNIA,Concurso simplificado,Servicios relacionados con Obras,30-04-2025,Vigente,,$0.00
CFE-0201-CSCON-0002-2025,NO,Baja California,MANTENIMIENTO DE BRECHAS Y CAMINOS DE ACCESO A LAS LINEAS DE TRANSMISION DE LA ZONA DE TRANSMISION SUR 2025,Concurso simplificado,Contratación de Obras,22-04-2025,Vigente,,$0.00
CFE-0201-CSCON-0001-2025,NO,Baja California,OBRA CIVIL Y TENDIDO DE CABLE DE CONTROL EN BAHÍAS DE TRANSMISIÓN EN LA SUBESTACIÓN RUMOROSA DE LA ZONA DE TRANSMISIÓN VALLE,Concurso simplificado,Contratación de Obras,16-04-2025,Vigente,,$0.00
CFE-0201-CSAAA-0002-2025,NO,Baja California,ADQUISICIÓN DE ROPA DE TRABAJO PARA PERSONAL DE CAMPO,Concurso simplificado,Adquisición por Abastecimientos,07-04-2025,Adjudicado,"FRENCH CHIC SA DE CV,","$1,474,605.00"
CFE-0201-ADAAN-0002-2025,NO,Baja California,"“Suministro e instalación de empalme para cable de potencia 115kV 800MM/811MM""",Adjudicación directa,Adquisición por Abastecimientos,14-03-2025,Adjudicado,"NEZCO SA DE CV,","$1,090,083.68"
CFE-0201-ADAAN-0001-2025,NO,Baja California,SUMINISTRO E INSTALACION DE EMPALME PARA CABLE DE POTENCIA 115KV 506MM,Adjudicación directa,Adquisición por Abastecimientos,21-02-2025,Adjudicado,"EL SAUZ CONSTRUCCIONES SA DE CV,","$399,370.00"
CFE-0201-CSAAA-0001-2025,NO,Baja California,ADQUISICIÓN DE ROPADE TRABAJO PARA PERSONAL DE CAMPO,Concurso simplificado,Adquisición por Abastecimientos,14-02-2025,Desierto,,$0.00
CFE-0201-CSCON-0021-2024,NO,Baja California,MANTENIMIENTO A SANITARIOS DE SUBESTACIONES DE LA ZONA DE TRANSMISIÓN VALLE,Concurso simplificado,Contratación de Obras,20-12-2024,Adjudicado,"HT INGENIERIA DEL NOROESTE SA DE CV,","$717,939.96"
CFE-0201-CSSON-0003-2024,NO,Baja California,ELABORACIÓN DEL PROYECTO EJECUTIVO PARA NUEVO EDIFICIO DEL SECTOR CERRO PRIETO DE LA GERENCIA REGIONAL DE TRANSMISIÓN BAJA CALIFORNIA,Concurso simplificado,Servicios relacionados con Obras,19-12-2024,Desierto,,$0.00
CFE-0201-CSAAA-0014-2024,NO,Baja California,"ADQUISICIÓN DE MATERIALES Y HERRAMIENTAS PARA EL MANTENIMIENTO, IDENTIFICACIÓN Y ORGANIZACIÓN EN TABLEROS PCYM",Concurso simplificado,Adquisición por Abastecimientos,17-12-2024,Adjudicado,"COMERCIALIZADORA DE SERVICIOS INDUSTRIALES Y SUMINISTROS FH SA D,PROVEEDORES INDUSTRIALES DE EQUIPOS Y REFACCIONES UNIVERSALES SA,TECJOYNET COMUNICACIONES SA DE CV,XHITAO SA DE CV,","$2,823,383.69"
CFE-0201-CSSAN-0016-2024,NO,Baja California,SERVICIO DE FUMIGACIÓN EN INSTALACIONES E INFRAESTRUCTURA DE SEDE Y ZONAS DE TRANSMISIÓN DE LA GRTBC 2025,Concurso simplificado,Servicio por Abastecimiento,17-12-2024,Adjudicado,"AIDA GARCIA ORTEGA,JOSE LUIS VILLARREAL GONZALEZ,","$1,305,510.00"
CFE-0201-CSSON-0002-2024,NO,Baja California,ELABORACIÓN DEL PROYECTO EJECUTIVO PARA LA CONSTRUCCIÓN DEL EDIFICIO TÉCNICO-ADMINISTRATIVO PARA LA GERENCIA REGIONAL DE TRANSMISIÓN BAJA CALIFORNIA,Concurso simplificado,Servicios relacionados con Obras,17-12-2024,Adjudicado,"MARES PROYECTOS Y CONSTRUCCION S DE RL DE CV,","$1,678,081.26"
CFE-0201-CSAAA-0013-2024,NO,Baja California,ADQUISICIÓN DE SILLAS PARA PERSONAL ADMINISTRATIVO,Concurso simplificado,Adquisición por Abastecimientos,13-12-2024,Adjudicado,"DAFNE VARGAS DIAZ,","$547,500.00"
CFE-0201-CSSAN-0015-2024,NO,Baja California,MANTENIMIENTO A EQUIPOS DE AIRE ACONDICIONADO EN INSTALACIONES DE LA GERENCIA REGIONAL DE TRANSMISIÓN BAJA CALIFORNIA,Concurso simplificado,Servicio por Abastecimiento,13-12-2024,Adjudicado,"ALEJANDRA LOPEZ ALDUENDA,FREDY ORTEGA PEREZ,POLIZAS DE MANTENIMIENTO S DE RL DE CV,","$1,109,910.00"
CFE-0201-CSAAA-0012-2024,NO,Baja California,ADQUISICION DE BOTA DE LINIERO PARA LA GERENCIA REGIONAL DE TRANSMISION,Concurso simplificado,Adquisición por Abastecimientos,12-12-2024,Adjudicado,"UNIFORMES JULIAN SA DE CV,","$1,313,856.00"
CFE-0201-CSAAA-0011-2024,NO,Baja California,ADQUISICIÓN DE EQUIPOS DE AIRE ACONDICIONADOS PORTÁTILES DE EMERGENCIA,Concurso simplificado,Adquisición por Abastecimientos,12-12-2024,Adjudicado,"VIMA SUMINISTROS INDUSTRIALES SA DE CV,","$4,042,500.00"
CFE-0201-CSAAA-0010-2024,NO,Baja California,ADQUISICIÓN DE ROPA DE TRABAJO PARA PERSONAL DE CAMPO,Concurso simplificado,Adquisición por Abastecimientos,11-12-2024,Desierto,,$0.00
CFE-0201-CSSAN-0014-2024,NO,Baja California,SERVICIO DE RECOLECCIÓN DE BASURA EN INSTALACIONES DE LA GRTBC,Concurso simplificado,Servicio por Abastecimiento,11-12-2024,Adjudicado,"RECOLECTORA DE DESECHOS Y RESIDUOS KING KONG SA DE CV,","$400,656.00"
CFE-0201-CSAAN-0011-2024,NO,Baja California,ADQUISICIÓN DE BOTAS DIELÉCTRICAS PARA PERSONAL DE CAMPO,Concurso simplificado,Adquisición por Abastecimientos,11-12-2024,Adjudicado,"COMANDO SA DE CV,","$796,500.00"
CFE-0201-ADSAN-0004-2024,NO,Baja California,"Servicio de Asistencia Técnica Remota, Revisión y Análisis para Reparación por Falla del Compensador Estático de Var´s en S.E. Tecnológico",Adjudicación directa,Servicio por Abastecimiento,31-10-2024,Adjudicado,"GE GRID SOLUTIONS SA DE CV,","$1,403,372.63"
CFE-0201-CSAAA-0009-2024,NO,Baja California,ADQUISICION DE BOQUILLAS PARA TRANSFORMADOR T10 DE SUBESTACION ELECTRICA RUMOROSA,Concurso simplificado,Adquisición por Abastecimientos,29-10-2024,Adjudicado,"COMERCIAL ESPECIALIZADA DE MATERIALES SA DE CV,","$650,500.00"
CFE-0201-CSSAN-0013-2024,NO,Baja California,“SERVICIO DE PERSONAL DE VIGILANCIA SIN ARMAS PARA INSTALACIONES DE LA GERENCIA REGIONAL DE TRANSMISION BAJA CALIFORNIA”,Concurso simplificado,Servicio por Abastecimiento,23-10-2024,Adjudicado,"PROVEEDORA DE SERVICIOS HIDALGOLOZ SA DE CV,","$4,540,858.00"
CFE-0201-CSAAA-0008-2024,NO,Baja California,ADQUISICION DE BOQUILLAS PARA TRANSFORMADOR T10 DE SUBESTACION ELECTRICA RUMOROSA,Concurso simplificado,Adquisición por Abastecimientos,26-09-2024,Desierto,,$0.00
CFE-0201-CSAAT-0001-2024,NO,Baja California,ADQUISICION DE EQUIPO PARA DIAGNOSTICO DE EQUIPO PRIMARIO GRTBC 2024,Concurso simplificado,Adquisición por Abastecimientos,25-09-2024,Adjudicado,"OROPEZA INGENIEROS SA DE CV,","$8,410,200.00"
CFE-0201-CSAAA-0007-2024,NO,Baja California,“Adquisición de ropa de trabajo para personal de campo”,Concurso simplificado,Adquisición por Abastecimientos,25-09-2024,Adjudicado,"FRENCH CHIC SA DE CV,UNIFORMES JULIAN SA DE CV,","$1,435,449.00"
CFE-0201-CSAAN-0010-2024,NO,Baja California,ADQUISICIÓN DE BATERÍAS CICLO PROFUNDO PARA SISTEMA DE ALIMENTACIÓN DE RESPALDO 48VCD,Concurso simplificado,Adquisición por Abastecimientos,18-09-2024,Adjudicado,"CADECO SA DE CV,","$460,689.60"
CFE-0201-CSSON-0001-2024,NO,Baja California,ELABORACIÓN DEL PROYECTO EJECUTIVO PARA LA CONSTRUCCIÓN DEL EDIFICIO TÉCNICO-ADMINISTRATUVO PARA LA GERENCIA REGIONAL DE TRANSMISIÓN BAJA CALIFORNIA,Concurso simplificado,Servicios relacionados con Obras,06-09-2024,Desierto,,$0.00
CFE-0201-CSAAN-0009-2024,NO,Baja California,ADQUISICIÓN DE MATERIALES DE FERRETERIA (2105) PARA MANTENIMIENTO PREVENTIVO Y PREDICTIVO DE EQUIPOS DE LA ZONA DE TRANSMISION VALLE,Concurso simplificado,Adquisición por Abastecimientos,03-09-2024,Desierto,,$0.00
CFE-0201-CSCON-0020-2024,NO,Baja California,"OBRA CIVIL PARA INSTALACIÓN DE GABINETES UCB EN SUBESTACIÓN MEXICALI, DE LA ZONA DE TRANSMISIÓN VALLE",Concurso simplificado,Contratación de Obras,02-09-2024,Adjudicado,"EL SAUZ CONSTRUCCIONES SA DE CV,","$699,993.71"
CFE-0201-ADCON-0001-2024,NO,Baja California,OBRA ELECTROMECÁNICA DE RESTABLECIMIENTO DE LT- 63230 HMO-LMS,Adjudicación directa,Contratación de Obras,02-09-2024,Adjudicado,"EL SAUZ CONSTRUCCIONES SA DE CV,","$594,174.86"
CFE-0201-CSAAA-0006-2024,NO,Baja California,ADQUISICION DE EQUIPO PARA MEDICION DE TEMPERATURA DE EQUIPO PRIMARIO GRTBC 2024,Concurso simplificado,Adquisición por Abastecimientos,29-08-2024,Adjudicado,"OROPEZA INGENIEROS SA DE CV,","$3,995,000.00"
CFE-0201-CSSAN-0012-2024,NO,Baja California,SERVICIO DE AUDITORIA PARA CERTIFICACION EN CALIDAD AMBIENTAL DE SUBESTACIONES DE LA GERENCIA REGIONAL DE TRANSMISION B.C.,Concurso simplificado,Servicio por Abastecimiento,29-08-2024,Adjudicado,"MARTIN EDUARDO GARCIA REYNA,","$184,000.00"
CFE-0201-CSSAN-0011-2024,NO,Baja California,MANTENIMIENTO A EQUIPOS HIDRAULICOS DE LA ZONA DE TRANSMISIÓN VALLE”,Concurso simplificado,Servicio por Abastecimiento,29-08-2024,Desierto,,$0.00
CFE-0201-CSSAN-0010-2024,NO,Baja California,RETIRO DE RESIDUOS PELIGROSOS 2024,Concurso simplificado,Servicio por Abastecimiento,29-08-2024,Adjudicado,"SUMINISTROS AMBIENTALES MEXICANOS SA DE CV,","$105,125.00"
CFE-0201-CSCON-0019-2024,NO,Baja California,CONSTRUCCIÓN DE CUBIERTAS DE ESTACIONAMIENTO DE LA ZONA DE TRASMISIÓN VALLE,Concurso simplificado,Contratación de Obras,28-08-2024,Adjudicado,"HT INGENIERIA DEL NOROESTE SA DE CV,","$3,056,307.33"
CFE-0201-CSCON-0018-2024,NO,Baja California,TRABAJOS DE MEJORAS Y MANTENIMIENTO INTEGRAL A INFRAESTRUCTURA DE LA ZONA DE TRASMISIÓN VALLE,Concurso simplificado,Contratación de Obras,22-08-2024,Adjudicado,"ALICIA CRUZ PEÑA,","$337,244.33"
CFE-0201-CSAAN-0008-2024,NO,Baja California,ADQUISICIÓN DE MAQUINAS DE LAVADO PARA LINEAS DE TRANSMISIÓN,Concurso simplificado,Adquisición por Abastecimientos,21-08-2024,Adjudicado,"YIRO FABRICA S DE RL DE CV,","$8,677,341.24"
CFE-0201-CSSAN-0009-2024,NO,Baja California,SERVICIO DE MANTENIMIENTO CORRECTIVO A EQUIPO DE PRUEBA DE LA ZTS,Concurso simplificado,Servicio por Abastecimiento,14-08-2024,Adjudicado,"OROPEZA INGENIEROS SA DE CV,","$318,000.00"
CFE-0201-CSCON-0017-2024,NO,Baja California,MANTENIMIENTO E IMPERMEABILIZACIÓN DE INSTALACIONES DE LA ZONA DE TRANSMISIÓN VALLE,Concurso simplificado,Contratación de Obras,13-08-2024,Adjudicado,"JESUS FRANCISCO CRUZ MARTINEZ,","$890,052.21"
CFE-0201-CSAAA-0005-2024,NO,Baja California,SUMINISTRO E INSTALACIÓN DE SISTEMA DE AIRE ACONDICIONADO PARA CASETAS DE CONTROL DE LAS SUBESTACIONES DE LA ZONA DE TRANSMISIÓN SUR,Concurso simplificado,Adquisición por Abastecimientos,12-08-2024,Adjudicado,"FRIO EXPRESS DE CALIFORNIA SA DE CV,","$2,835,705.27"
CFE-0201-CACON-0002-2024,NO,Baja California,OBRAS CIVILES DE MEJORA EN SUBESTACIONES DE LA ZONA DE TRANSMISION SUR 2024,Concurso abierto,Contratación de Obras,05-08-2024,Adjudicado,"LUIS DANIEL GOMEZ VERDUGO,","$6,276,675.48"
CFE-0201-CSSAN-0008-2024,NO,Baja California,MANTENIMIENTO Y RECARGA DE EXTINTORES,Concurso simplificado,Servicio por Abastecimiento,02-08-2024,Adjudicado,"DP3 MEXICALI SA DE CV,","$477,512.00"
CFE-0201-CSAAA-0004-2024,NO,Baja California,ADQUISICIÓN DE EQUIPO Y HERRAMIENTA DE LÍNEA VIVA PARA ZTS,Concurso simplificado,Adquisición por Abastecimientos,30-07-2024,Adjudicado,"FERNANDO BERNAL CUEVAS,HUBBELL PRODUCTS MEXICO S DE RL DE CV,ENERGIA Y COMUNICACIONES DE MEXICO SA DE CV,EEPAT DE MEXICO SA DE CV,INTEGRADORA DE SERVICIOS Y ADQUISICIONES DE MEXICO SA DE CV,","$2,406,253.98"
CFE-0201-CSCON-0016-2024,NO,Baja California,"OBRA CIVIL PARA INSTALACIÓN DE GABINETES UCB EN SUBESTACIÓN MEXICALI, DE LA ZONA DE TRANSMISIÓN VALLE",Concurso simplificado,Contratación de Obras,29-07-2024,Desierto,,$0.00
CFE-0201-CSAAN-0007-2024,NO,Baja California,ADQUISICIÓN DE MONEDERO ELECTRÓNICO PARA PERSONAL DE OFICINA DE LA SEDE Y LAS ZONAS DE TRANSMISIÓN DE LA GRTBC,Concurso simplificado,Adquisición por Abastecimientos,19-07-2024,Adjudicado,"PLUXEE MEXICO SA DE CV,","$2,770,885.51"
CFE-0201-CSCON-0015-2024,NO,Baja California,CONSTRUCCIÓN DE BASES Y CANALIZACIONES PARA GABINETES UCB EN SUBESTACIONES DE LA ZONA DE TRANSMISIÓN SUR,Concurso simplificado,Contratación de Obras,19-07-2024,Adjudicado,"HASHIRO DAMIEEN MAYORAL MEDELLIN,","$862,096.87"
CFE-0201-CSAAN-0006-2024,NO,Baja California,ADQUISICION DE ÚTILES DE LIMPIEZA DE LA GRTBC 2024,Concurso simplificado,Adquisición por Abastecimientos,17-07-2024,Adjudicado,"DAFNE VARGAS DIAZ,MAKORP SA DE CV,MARIA CECILIA CUENCA CALPE,","$119,757.86"
CFE-0201-CSSAN-0007-2024,NO,Baja California,LIMPIEZA DE SUBESTACIONES,Concurso simplificado,Servicio por Abastecimiento,16-07-2024,Adjudicado,"SERVICIOS INDUSTRIALES HIGIENICOS DEL BAJIO SA DE CV,MATILDE LOPEZ GONZALEZ,israel ARAIZA GAUCIN,ERUBEY JAVIER ESPINOZA HERNANDEZ,CONSTRUCCIONES SUMINISTROS Y MANTENIMIENTOS RG SA DE CV,FRANCISCO COTA OLACHEA,SAULO EMANUEL DIAZ CORRAL,","$1,593,970.00"
CFE-0201-CSCON-0014-2024,NO,Baja California,OBRA CIVIL Y ELECTROMECÁNICA PARA PROYECTO REI EN SUBESTACIÓN VIZCAINO Y BAHÍA ASUNCIÓN DE LA ZONA DE TRANSMISIÓN SUR,Concurso simplificado,Contratación de Obras,12-07-2024,Adjudicado,"HASHIRO DAMIEEN MAYORAL MEDELLIN,","$836,160.37"
CFE-0201-CSAAN-0004-2024,NO,Baja California,ADQUISICIÓN DE MONEDERO ELECTRÓNICO PARA PERSONAL DE OFICINA DE LA SEDE Y LAS ZONAS DE TRANSMISIÓN DE LA GRTBC,Concurso simplificado,Adquisición por Abastecimientos,08-07-2024,Desierto,,$0.00
CFE-0201-CSCON-0013-2024,NO,Baja California,TRABAJOS DE MEJORAS Y MANTENIMIENTO INTEGRAL A INFRAESTRUCTURA DE LA ZONA DE TRASMISIÓN VALLE,Concurso simplificado,Contratación de Obras,08-07-2024,Desierto,,$0.00
CFE-0201-CACON-0001-2024,NO,Baja California,"MANTENIMIENTO A SUBESTACIONES VIO, OLA Y BLE, DE LA ZONA DE TRANSMISIÓN SUR",Concurso abierto,Contratación de Obras,03-07-2024,Adjudicado,"JOSé ALBERTO MACIAS ESTRADA,","$6,566,344.72"
CFE-0201-CSAAN-0003-2024,NO,Baja California,ADQUISICIÓN DE AGUA DESMINERALIZADA PARA ZONAS DE TRANSMISIÓN DE LA GRTBC,Concurso simplificado,Adquisición por Abastecimientos,28-06-2024,Adjudicado,"ROE INMOBILIARIA Y ARRENDADORA S DE RL DE CV,","$2,470,006.00"
CFE-0201-CSCON-0012-2024,NO,Baja California,REHABILITACIÓN Y CONSTRUCCIÓN DE CAMINOS DE ACCESO DE LÍNEAS DE LA ZONA DE TRANSMISIÓN COSTA 2024,Concurso simplificado,Contratación de Obras,26-06-2024,Adjudicado,"EL SAUZ CONSTRUCCIONES SA DE CV,","$4,500,427.90"
CFE-0201-CSCON-0011-2024,NO,Baja California,"OBRA CIVIL PARA INSTALACIÓN DE GABINETES UCB EN SUBESTACIÓN MEXICALI, DE LA ZONA DE TRANSMISIÓN VALLE",Concurso simplificado,Contratación de Obras,21-06-2024,Desierto,,$0.00
CFE-0201-CSCON-0010-2024,NO,Baja California,MANTENIMIENTO EXTERIOR GRTBC,Concurso simplificado,Contratación de Obras,20-06-2024,Adjudicado,"JESUS FRANCISCO CRUZ MARTINEZ,","$2,075,016.96"
CFE-0201-CSSAN-0006-2024,NO,Baja California,RETIRO DE RESIDUOS PELIGROSOS 2024,Concurso simplificado,Servicio por Abastecimiento,19-06-2024,Desierto,,$0.00
CFE-0201-CSCON-0009-2024,NO,Baja California,MANTENIMIENTO DE BRECHAS Y CAMINOS DE ACCESO A LAS LÍNEAS DE TRANSMISIÓN DE LA ZONA DE TRANSMISION SUR 2024,Concurso simplificado,Contratación de Obras,14-06-2024,Adjudicado,ALBERTO PADILLA VALLES,"$2,540,627.76"
CFE-0201-CSCON-0008-2024,NO,Baja California,LIMPIEZA DE BRECHA EN LINEAS DE TRANSMISION DE LA ZONA DE TRANSMISION VALLE 2024,Concurso simplificado,Contratación de Obras,13-06-2024,Adjudicado,"EL SAUZ CONSTRUCCIONES SA DE CV,","$2,998,780.40"
CFE-0201-CSAAA-0003-2024,NO,Baja California,ADQUISICIÓN DE CALZADO DE SEGURIDAD PARA PERSONAL DE LINEAS 2024,Concurso simplificado,Adquisición por Abastecimientos,12-06-2024,Adjudicado,"UNIFORMES JULIAN SA DE CV,","$675,176.00"
CFE-0201-CSAAA-0002-2024,NO,Baja California,ADQUISICION RESMAS DE PAPEL ECOLOGICO PARA LA GRTBC,Concurso simplificado,Adquisición por Abastecimientos,07-06-2024,Adjudicado,"NOVA SOLUCIONES MM SA DE CV,","$189,700.00"
CFE-0201-CSCON-0007-2024,NO,Baja California,CAMBIO DE CONDUCTOR EN LÍNEAS DE TRANSMISIÓN DE LA ZONA DE TRANSMISIÓN SUR,Concurso simplificado,Contratación de Obras,06-06-2024,Adjudicado,"AARON GARCIA HERNANDEZ,","$5,599,355.04"
CFE-0201-CSSAN-0004-2024,NO,Baja California,SERVICIO MANTENIMIENTO A PLANTAS DE EMERGENCIA,Concurso simplificado,Servicio por Abastecimiento,31-05-2024,Adjudicado,"LEYSON CORP. INDUSTRIAL AND SERVICE SA DE CV,","$136,411.60"
CFE-0201-CSSAN-0005-2024,NO,Baja California,“MANTENIMIENTO A EQUIPOS DE AIRE ACONDICIONADO EN INSTALACIONES DE LA GERENCIA REGIONAL DE TRANSMISIÓN BAJA CALIFORNIA 2024”,Concurso simplificado,Servicio por Abastecimiento,30-05-2024,Adjudicado,"ERUBEY JAVIER ESPINOZA HERNANDEZ,MARES PROYECTOS Y CONSTRUCCION S DE RL DE CV,MATILDE LOPEZ GONZALEZ,POLIZAS DE MANTENIMIENTO S DE RL DE CV,BEATRIZ ADRIANA ROJO LOPEZ,","$1,435,152.00"
CFE-0201-CSCON-0006-2024,NO,Baja California,"OBRA CIVIL PARA INSTALACIÓN DE GABINETES UCB EN SUBESTACIÓN MEXICALI, DE LA ZONA DE TRANSMISIÓN VALLE.",Concurso simplificado,Contratación de Obras,27-05-2024,Desierto,,$0.00
CFE-0201-CSAAN-0002-2024,NO,Baja California,ADQUISICIÓN DE EQUIPOS DE AIRE ACONDICIONADO PARA LA CASETA DEL COMPENSADOR ESTÁTICO DE VARs EN SUBESTACION TECNOLÓGICO DE LA ZONA DE TRANSMISIÓN VALLE,Concurso simplificado,Adquisición por Abastecimientos,27-05-2024,Adjudicado,"SEGISA CHIHUAHUA SA DE CV,","$1,168,570.00"
CFE-0201-CSCON-0005-2024,NO,Baja California,TRABAJOS DE MEJORAS Y MANTENIMIENTO INTEGRAL A INFRAESTRUCTURA DE LA ZONA DE TRANSMISION VALLE,Concurso simplificado,Contratación de Obras,22-05-2024,Desierto,,$0.00
CFE-0201-CSAAA-0001-2024,NO,Baja California,ADQUISICIÓN DE CALZADO DE SEGURIDAD PARA PERSONAL DE LINEAS 2024,Concurso simplificado,Adquisición por Abastecimientos,20-05-2024,Desierto,,$0.00
CFE-0201-ADSAN-0003-2024,NO,Baja California,LOGÍSTICA PARA REUNIÓN NACIONAL DE HURACANES,Adjudicación directa,Servicio por Abastecimiento,16-05-2024,Adjudicado,"PSF EVENTOS S DE RL DE CV,","$2,137,221.54"
CFE-0201-CSCON-0004-2024,NO,Baja California,"OBRA CIVIL PARA INSTALACIÓN DE GABINETES UCB EN SUBESTACIÓN MEXICALI, DE LA ZONA DE TRANSMISIÓN VALLE.",Concurso simplificado,Contratación de Obras,07-05-2024,Desierto,,$0.00
CFE-0201-CSSAN-0003-2024,NO,Baja California,DESHIERBE DE PREDIOS DE LA GRTBC,Concurso simplificado,Servicio por Abastecimiento,03-05-2024,Adjudicado,"CONSTRUCCIONES SUMINISTROS Y MANTENIMIENTOS RG SA DE CV,OSCAR ALEJANDRO VAZQUEZ ARIAS,","$5,155,533.00"
CFE-0201-CSCON-0003-2024,NO,Baja California,OBRA CIVIL PROYECTO REI 2024 DE LA ZONA DE TRANSMISIÓN VALLE,Concurso simplificado,Contratación de Obras,29-04-2024,Adjudicado,"NORESA OIL SERVICE SA DE CV,","$6,470,818.19"
CFE-0201-CSCON-0002-2024,NO,Baja California,MANTENIMIENTO DE BRECHAS Y CAMINOS DE ACCESO A LAS LÍNEAS DE TRANSMISION DE LA ZONA DE TRANSMISION SUR 2024,Concurso simplificado,Contratación de Obras,26-04-2024,Desierto,,$0.00
CFE-0201-CSCON-0001-2024,NO,Baja California,MANTENIMIENTO EXTERIOR GRTBC,Concurso simplificado,Contratación de Obras,19-04-2024,Desierto,,$0.00
CFE-0201-CSSAN-0002-2024,NO,Baja California,SERVICIO DE FUMIGACIÓN EN INSTALACIONES E INFRAESTRUCTURA DE SEDE Y ZONAS DE TRANSMISIÓN DE LA GRTBC 2024,Concurso simplificado,Servicio por Abastecimiento,18-04-2024,Adjudicado,"AIDA GARCIA ORTEGA,JOSE LUIS VILLARREAL GONZALEZ,","$660,324.00"
CFE-0201-CSAAN-0001-2024,NO,Baja California,ADQUISICIÓN DE ROPA Y CALZADO DE TRABAJO DE OFICINA PARA LA GRTBC 2024,Concurso simplificado,Adquisición por Abastecimientos,11-04-2024,Desierto,,$0.00
CFE-0201-CSSAN-0001-2024,NO,Baja California,SERVICIO DE RECOLECCION DE BASURA EN INSTALACIONES DE LA ZTC 2024,Concurso simplificado,Servicio por Abastecimiento,10-04-2024,Adjudicado,"RECOLECTORA DE DESECHOS Y RESIDUOS KING KONG SA DE CV,","$232,073.94"
CFE-0201-ADSAN-0002-2024,NO,Baja California,SERVICIO DE PERSONAL DE VIGILANCIA SIN ARMAS EN INSTALACIONES DE LA GERENCIA REGIONAL DE TRANSMISIÓN BAJA CALIFORNIA,Adjudicación directa,Servicio por Abastecimiento,07-02-2024,Adjudicado,"PROVEEDORA DE SERVICIOS HIDALGOLOZ SA DE CV,","$9,028,000.00"
CFE-0201-ADSAN-0001-2024,NO,Baja California,SERVICIO DE GRUA DE PLUMA MONTADA EN LA ZTC,Adjudicación directa,Servicio por Abastecimiento,31-01-2024,Adjudicado,"OSCAR ALEJANDRO VAZQUEZ ARIAS,","$297,500.00"
CFE-0201-CSSAN-0003-2023,NO,Baja California,"SERVICIO DE MANTENIMIENTO MAYOR EN AUTOTRANSFORMADOR AT20 MONOFASICO DE POTENCIA MARCA WEG DE SUBESTACION EL PALMAR FASE ""A""",Concurso simplificado,Servicio por Abastecimiento,29-12-2023,Adjudicado,"JESUS RAMON SALAZAR GARCIA,","$330,000.00"
CFE-0201-CSCON-0022-2023,NO,Baja California,MODERNIZACIÓN EQUIPO PRIMARIO Y CIMENTACIONES DE CUCHILLAS ZTC 2023,Concurso simplificado,Contratación de Obras,22-12-2023,Adjudicado,"EL SAUZ CONSTRUCCIONES SA DE CV,","$5,691,518.20"
CFE-0201-CACON-0004-2023,NO,Baja California,"MANTENIMIENTO A SUBESTACIONES VIO, OLA Y BLE DE LA ZONA DE TRANSMISIÓN SUR",Concurso abierto,Contratación de Obras,21-12-2023,Desierto,,$0.00
CFE-0201-CSAAN-0008-2023,NO,Baja California,ADQUISICIÓN DE ROPA DE TRABAJO PARA PERSONAL DE CAMPO,Concurso simplificado,Adquisición por Abastecimientos,21-12-2023,Adjudicado,"MARIA DOLORES LUNA BARRAZA,","$1,430,991.90"
CFE-0201-CSCON-0021-2023,NO,Baja California,REPARACIÓN DE DAÑOS FIBRA ÓPTICA TRAMO GOLFO PEÑASCO POR HURACÁN HILARY,Concurso simplificado,Contratación de Obras,21-12-2023,Adjudicado,"EL SAUZ CONSTRUCCIONES SA DE CV,","$3,908,068.49"
CFE-0201-CSAAN-0007-2023,NO,Baja California,ADQUISICIÓN DE BOTAS DIELECTRICAS PARA PERSONAL DE CAMPO,Concurso simplificado,Adquisición por Abastecimientos,20-12-2023,Adjudicado,"COMANDO SA DE CV,","$878,570.00"
CFE-0201-CSCON-0020-2023,NO,Baja California,"TRABAJOS DE IMPERMEABILIZACIÓN, PINTURA Y RECUBRIMIENTOS EN INMUEBLES DE LA ZONA DE TRANSMISIÓN COSTA",Concurso simplificado,Contratación de Obras,20-12-2023,Adjudicado,"EL SAUZ CONSTRUCCIONES SA DE CV,","$4,449,797.38"
CFE-0201-CSCON-0019-2023,NO,Baja California,TRABAJOS DE MEJORAS Y MANTENIMIENTO INTEGRAL A INFRAESTRUCTURA DE LA ZONA DE TRANSMISIÓN VALLE,Concurso simplificado,Contratación de Obras,20-12-2023,Desierto,,$0.00
CFE-0201-CSCON-0018-2023,NO,Baja California,"CONSTRUCCIÓN DE BANQUETAS Y ADECUACIONES DE BARDA PERIMETRAL EN S.E. MEP EN TIJUANA, B.C. ZTC 2023",Concurso simplificado,Contratación de Obras,19-12-2023,Adjudicado,"JOSé ALBERTO MACIAS ESTRADA,","$2,000,001.92"
CFE-0201-CSCON-0017-2023,NO,Baja California,"OBRA CIVIL PARA INSTALACIÓN DE GABINETES UCB EN SUBESTACIÓN MEXICALI, DE LA ZONA DE TRANSMISIÓN VALLE",Concurso simplificado,Contratación de Obras,19-12-2023,Desierto,,$0.00
CFE-0201-CSCON-0016-2023,NO,Baja California,"TRABAJOS DE RENIVELACIÓN DE BARDA EN S.E. PANAMERICANA DE POTENCIA EN TIJUANA, B.C. ZTC 2023",Concurso simplificado,Contratación de Obras,18-12-2023,Adjudicado,"JOSé ALBERTO MACIAS ESTRADA,","$1,699,013.53"
CFE-0201-CSCON-0015-2023,NO,Baja California,ADECUACIÓN DE BASES PARA INSTALACIÓN DE INTERRUPTORES DE LA ZONA DE TRANSMISIÓN VALLE,Concurso simplificado,Contratación de Obras,18-12-2023,Desierto,,$0.00
CFE-0201-CSAAA-0006-2023,NO,Baja California,ADQUISICIÓN DE EQUIPO DE PROTECCIÓN PERSONAL SEDE Y ZONAS DE TRANSMISIÓN DE LA GRTBC,Concurso simplificado,Adquisición por Abastecimientos,08-12-2023,Adjudicado,"FERNANDO BERNAL CUEVAS,ENERGIA Y COMUNICACIONES DE MEXICO SA DE CV,GRUPO SWICCH SA DE CV,NOVE ESTRATEGICA SA DE CV,SERGO EQUIPOS Y HERRAMIENTAS SA DE CV,ZURIVE INDUSTRIAL DE MEXICO SA DE CV,","$2,233,885.43"
CFE-0201-CSAAN-0004-2023,NO,Baja California,ADQUISICIÓN DE CHAMARRAS DE PIEL PARA PERSONAL DE CAMPO 2024,Concurso simplificado,Adquisición por Abastecimientos,08-12-2023,Adjudicado,"FRENCH CHIC SA DE CV,","$500,340.00"
CFE-0201-CSAAN-0005-2023,NO,Baja California,ADQUISICION DE MATERIALES CONSUMIBLES PARA EL MANTENIMIENTO DE LOS EQUIPOS DE COMUNICACIONES,Concurso simplificado,Adquisición por Abastecimientos,08-12-2023,Adjudicado,"FERNANDO BERNAL CUEVAS,COMERCIALIZADORA MOGALSA SA DE CV,DACO MULTIMEDICION INDUSTRIAL SA DE CV,","$505,418.00"
CFE-0201-CSAAN-0006-2023,NO,Baja California,"ADQUISICIÓN DE AGUA DESMINERALIZADA PARA ZONAS TRANSMISIÓN VALLE, COSTA Y SUR 2024",Concurso simplificado,Adquisición por Abastecimientos,08-12-2023,Desierto,,$0.00
CFE-0201-CSCON-0014-2023,NO,Baja California,REHABILITACIÓN DE BARDA EN SUBESTACIÓN WISTERIA DE LA ZONA DE TRANSMISIÓN VALLE,Concurso simplificado,Contratación de Obras,06-12-2023,Adjudicado,"JOSé ALBERTO MACIAS ESTRADA,","$2,088,206.08"
CFE-0201-ADAAN-0001-2023,NO,Baja California,“Adquisición de postes de madera 21 mts para cable de potencia aéreo 115kV y 69kV”,Adjudicación directa,Adquisición por Abastecimientos,31-10-2023,Adjudicado,"IMPREGNACIONES ESPECIALES SA DE CV,","$1,506,948.00"
CFE-0201-CACON-0003-2023,NO,Baja California,OBRA CIVIL PROYECTO REI 2023 DE LA ZONA DE TRANSMISIÓN VALLE,Concurso abierto,Contratación de Obras,25-10-2023,Desierto,,$0.00
CFE-0201-CACON-0002-2023,NO,Baja California,OBRA CIVIL PROYECTO REI 2023 DE LA ZONA DE TRANSMISIÓN VALLE,Concurso abierto,Contratación de Obras,21-09-2023,Desierto,,$0.00
CFE-0201-CSAAA-0005-2023,NO,Baja California,ADQUISICIÓN DE MATERIALES ÓPTICOS PARA PUESTA EN SERVICIO EQUIPOS RED DE DATOS OPERATIVA ASOCIADOS AL PROYECTO REI,Concurso simplificado,Adquisición por Abastecimientos,19-09-2023,Adjudicado,"FIBREMEX SA DE CV,","$113,159.76"
CFE-0201-CSAAA-0004-2023,NO,Baja California,"ADQUISICIÓN DE MATERIALES DATOS PARA PUESTA EN SERVICIO EQUIPOS DE RADIOCOMUNICACIÓN, COMUNICACIONES UNIFICADAS Y RED DE DATOS OPERATIVA ASOCIADOS AL PROYECTO REI",Concurso simplificado,Adquisición por Abastecimientos,18-09-2023,Adjudicado,"CARLOS SERGIO ZAMBRANO BELTRAN,SYNCOM INTERNATIONAL SA DE CV,INTEGRADORA EN INFRAESTRUCTURA TECNOLOGICA IITESA SA DE CV,","$789,459.78"
CFE-0201-CSAAN-0003-2023,NO,Baja California,"ADQUISICIÓN DE MATERIALES ELÉCTRICOS PARA PUESTA EN SERVICIO EQUIPOS DE RADIOCOMUNICACIÓN, COMUNICACIONES UNIFICADAS Y RED DE DATOS OPERATIVA ASOCIADOS AL PROYECTO REI",Concurso simplificado,Adquisición por Abastecimientos,14-09-2023,Adjudicado,"ELECTRICA VIRGO SA DE CV,TECJOYNET COMUNICACIONES SA DE CV,","$316,145.00"
CFE-0201-CSCON-0013-2023,NO,Baja California,"IMPERMEABILIZACIÓN DE CUBIERTA EN ALMACEN, LABORATORIO DE COMUNICACIONES Y AULA DE CAPACITACIÓN DE LA ZONA DE TRANSMISIÓN VALLE",Concurso simplificado,Contratación de Obras,13-09-2023,Desierto,,$0.00
CFE-0201-CSCON-0012-2023,NO,Baja California,REHABILITACIÓN PARA OFICINA COA EN SUBESTACIÓN COROMUEL DE LA ZONA DE TRANSMISIÓN SUR,Concurso simplificado,Contratación de Obras,08-09-2023,Adjudicado,"LUIS DANIEL GOMEZ VERDUGO,","$1,039,265.69"
CFE-0201-CSCON-0011-2023,NO,Baja California,CONSTRUCCIÓN DE RESGUARDO DE MATERIALES DE EMERGENCIA PARA LÍNEAS EN SUBESTACIÓN OLAS ALTAS DE LA ZONA DE TRANSMISIÓN SUR,Concurso simplificado,Contratación de Obras,08-09-2023,Desierto,,$0.00
CFE-0201-CSAAA-0003-2023,NO,Baja California,ADQUISICIÓN DE MATERIALES PARA MANTENIMIENTO DE EQUIPOS DE COMUNICACIONES,Concurso simplificado,Adquisición por Abastecimientos,31-08-2023,Adjudicado,"SYNCOM INTERNATIONAL SA DE CV,ENERGIA Y COMUNICACIONES DE MEXICO SA DE CV,","$1,253,768.10"
CFE-0201-CSAAA-0002-2023,NO,Baja California,ADQUISICIÓN DE HERRAMIENTAS MENORES PARA EL MANTENIMIENTO DE LOS EQUIPOS DE COMUNICACIONES DE LA ZTS,Concurso simplificado,Adquisición por Abastecimientos,31-08-2023,Adjudicado,"FERNANDO BERNAL CUEVAS,INTEGRADORA DE SERVICIOS Y ADQUISICIONES DE MEXICO SA DE CV,","$559,785.34"
CFE-0201-CSCON-0010-2023,NO,Baja California,OBRA CIVIL Y ELECTROMECÁNICA PARA LA INSTALACIÓN DE GABINETES PARA PROYECTO REI EN SUBESTACIÓN VIZCAINO DE LA ZONA DE TRANSMISIÓN SUR,Concurso simplificado,Contratación de Obras,29-08-2023,Desierto,,$0.00
CFE-0201-CSCON-0009-2023,NO,Baja California,"CAMBIO DE CONDUCTOR EN ESTRUCTURAS DE LÍNEAS DE TRANSMISIÓN, DE LA ZONA DE TRANSMISIÓN SUR INS-73240-DOM Y TCB-7333E- DESALADORA",Concurso simplificado,Contratación de Obras,25-08-2023,Desierto,,$0.00
CFE-0201-CSCON-0008-2023,NO,Baja California,MANTENIMIENTO MAYOR A EDIFICIOS DE LA GRTBC,Concurso simplificado,Contratación de Obras,24-08-2023,Desierto,,$0.00
CFE-0201-CSAAN-0002-2023,NO,Baja California,REGISTROS DE CONCRETO POLIMERICO CON TAPA,Concurso simplificado,Adquisición por Abastecimientos,17-08-2023,Adjudicado,"CENTRIFUGADOS MEXICANOS SA DE CV,","$652,764.00"
CFE-0201-CSCON-0007-2023,NO,Baja California,REHABILITACIÓN DE BARDA EN SUBESTACIÓN WISTERIA DE LA ZONA DE TRANSMISIÓN VALLE,Concurso simplificado,Contratación de Obras,07-08-2023,Desierto,,$0.00
CFE-0201-CSAAA-0001-2023,NO,Baja California,ADQUISICION DE LAMPARAS INSDUSTRIALES PARA LA ILUMINACION DE LAS SUBESTACIONES,Concurso simplificado,Adquisición por Abastecimientos,04-08-2023,Adjudicado,"COMERCIALIZADORA MOGALSA SA DE CV,FERNAN CICERON ALFARO HERNANDEZ,","$1,524,727.00"
CFE-0201-CSCON-0006-2023,NO,Baja California,"MANTENIMIENTO DE EDIFICIOS DE LA ZONA DE TRANSMISIÓN SUR, 2023",Concurso simplificado,Contratación de Obras,01-08-2023,Desierto,,$0.00
CFE-0201-CSCON-0005-2023,NO,Baja California,"IMPERMEABILIZACIÓN DE CUBIERTA EN ALMACEN, LABORATORIO DE COMUNICACIONES Y AULA DE CAPACITACIÓN DE LA ZONA DE TRANSMISIÓN VALLE",Concurso simplificado,Contratación de Obras,01-08-2023,Desierto,,$0.00
CFE-0201-CSCON-0004-2023,NO,Baja California,OBRA CIVIL Y ELECTROMECÁNICA PARA LA INSTALACIÓN DE GABINETES PARA PROYECTO REI EN SUBESTACIÓN VIZCAINO DE LA ZONA DE TRANSMISIÓN SUR,Concurso simplificado,Contratación de Obras,26-07-2023,Desierto,,$0.00
CFE-0201-CSCON-0003-2023,NO,Baja California,"L.T. ENCANTADA - ENTRONQUE TJI-63480-MEP 115kV/-2C-0.10KMAL (1000) XLP-115-100B-PA-CDFO EN TIJUANA, BAJA CALIFORNIA",Concurso simplificado,Contratación de Obras,20-07-2023,Desierto,,$0.00
CFE-0201-CSCON-0002-2023,NO,Baja California,"TRABAJOS DE IMPERMEABILIZACIÓN, PINTURA Y RECUBRIMIENTOS EN INMUEBLES DE LA ZONA DE TRANSMISIÓN COSTA",Concurso simplificado,Contratación de Obras,17-07-2023,Desierto,,$0.00
CFE-0201-CACON-0001-2023,NO,Baja California,OBRA CIVIL PROYECTO REI 2023 DE LA ZONA DE TRANSMISIÓN VALLE,Concurso abierto,Contratación de Obras,13-07-2023,Desierto,,$0.00
CFE-0201-CSSAN-0002-2023,NO,Baja California,SERVICIO DE FUMIGACIÓN EN INSTALACIONES E INFRAESTRUCTURA DE SEDE Y ZONAS DE TRANSMISIÓN DE LA GRTBC 2023,Concurso simplificado,Servicio por Abastecimiento,06-07-2023,Adjudicado,"AIDA GARCIA ORTEGA,JOSE LUIS VILLARREAL GONZALEZ,","$515,817.00"
CFE-0201-CSAAN-0001-2023,NO,Baja California,ADQUISICIÓN DE MONEDERO ELECTRÓNICO PARA PERSONAL DE OFICINA DE LA SEDE Y LAS ZONAS DE TRANSMISIÓN DE LA G.R.T.B.C. 2023,Concurso simplificado,Adquisición por Abastecimientos,20-06-2023,Adjudicado,"SODEXO MOTIVATION SOLUTIONS MEXICO SA DE CV,","$2,681,658.99"
CFE-0201-CSSAN-0001-2023,NO,Baja California,"SERVICIO RECOLECCIÓN DE BASURA EN INSTALACIONES GRTBC, ZTV Y ZTC 2023",Concurso simplificado,Servicio por Abastecimiento,09-06-2023,Desierto,,$0.00
CFE-0201-ADSAN-0002-2023,NO,Baja California,SERVICIO DE PERSONAL DE VIGILANCIA SIN ARMAS EN INSTALACIONES DE LA GERENCIA REGIONAL DE TRANSMISIÓN BAJA CALIFORNIA DURANTE 100 DÍAS NATURALES,Adjudicación directa,Servicio por Abastecimiento,30-05-2023,Adjudicado,"COMERCIALIZADORA DE SEGURIDAD PRIVADA Y EMPRESARIAL ERUMA S DE R,","$8,580,000.00"
CFE-0201-ADSAN-0001-2023,NO,Baja California,SERVICIO DE PERSONAL DE VIGILANCIA SIN ARMAS EN INSTALACIONES DE LA GERENCIA REGIONAL DE TRANSMISIÓN BAJA CALIFORNIA DURANTE 100 DÍAS NATURALES,Adjudicación directa,Servicio por Abastecimiento,29-05-2023,Desierto,,$0.00
CFE-0201-CSCON-0001-2023,NO,Baja California,"RETENIDAS DE REFUERZO A ESTRUCTURAS EN LINEAS OLAS ALTAS-93130/93140-EL PALMAR Y EL TRIUNFO-73130-SANTIAGO, DE LA ZONA DE TRANSMISION SUR, EN EL ESTADO DE BAJA CALIFORNIA SUR",Concurso simplificado,Contratación de Obras,25-04-2023,Adjudicado,"EL SAUZ CONSTRUCCIONES SA DE CV,","$4,258,390.25"
CFE-0201-CSAAA-0005-2022,NO,Baja California,"ADQUISICION DE TOALLAS, JABONES, LONCHERAS Y TERMOS 2023, ZTC, ZTS Y ZTV",Concurso simplificado,Adquisición por Abastecimientos,28-12-2022,Adjudicado,"FERDINANDO PRIEGO ALMONTE,SECONIR SAS DE CV,VIMA SUMINISTROS INDUSTRIALES SA DE CV,","$598,265.44"
CFE-0201-CSAAA-0004-2022,NO,Baja California,ADQUISICION DE LLANTAS PARA EL PARQUE VEHICULAR DE LA SEDE Y ZONAS DE TRANSMISION DE LA G. R. T. B. C. 2023,Concurso simplificado,Adquisición por Abastecimientos,28-12-2022,Adjudicado,"ALAN ENRIQUE AYALA MARTINEZ,","$162,751.14"
CFE-0201-ADCON-0001-2022,NO,Baja California,OBRA DE PROTECCIÓN A ESTRUCTURA NUMERO 181 DE LA LÍNEA 93130 / 93140 A BASE DE GAVIONES,Adjudicación directa,Contratación de Obras,23-12-2022,Adjudicado,"HASHIRO DAMIEEN MAYORAL MEDELLIN,","$1,510,416.36"
CFE-0201-CACON-0001-2022,NO,Baja California,"MANTENIMIENTO DE BRECHAS, CAMINOS DE ACCESO Y RETIRO DE MALEZA EN DERECHO DE VÍA DE LAS LINEAS DE TRANSMISIÓN DE LA GRTBC 2023",Concurso abierto,Contratación de Obras,21-12-2022,Adjudicado,"HT INGENIERIA DEL NOROESTE SA DE CV,FLORENTINO ALVAREZ GARCIA,LUIS DANIEL GOMEZ VERDUGO,","$6,370,938.04"
CFE-0201-CSAAA-0003-2022,NO,Baja California,ADQUISICIÓN DE CALZADO DE LINIERO DE LA GRTBC 2023,Concurso simplificado,Adquisición por Abastecimientos,07-12-2022,Adjudicado,"UNIFORMES JULIAN SA DE CV,","$584,600.00"
CFE-0201-CSAAN-0006-2022,NO,Baja California,ADQUISICIÓN DE CHAMARRAS DE PIEL PARA PERSONAL DE CAMPO 2023,Concurso simplificado,Adquisición por Abastecimientos,07-12-2022,Adjudicado,"FRENCH CHIC SA DE CV,","$582,727.50"
CFE-0201-CSAAN-0005-2022,NO,Baja California,ADQUISICIÓN DE CALZADO DE CAMPO DE LA GRTBC 2023,Concurso simplificado,Adquisición por Abastecimientos,29-11-2022,Adjudicado,"COMANDO SA DE CV,","$823,151.00"
CFE-0201-CSAAN-0004-2022,NO,Baja California,ADQUISICION DE ROPA DE TRABAJO PERSONAL DE CAMPO 2023,Concurso simplificado,Adquisición por Abastecimientos,29-11-2022,Adjudicado,"UNIFORMES JULIAN SA DE CV,","$1,278,844.00"
CFE-0201-CSCON-0007-2022,NO,Baja California,TENDIDO DE ENLACES DE FIBRAS OPTICAS DE LA REI 2022 EN LA ZONA DE TRANSMISION COSTA,Concurso simplificado,Contratación de Obras,31-10-2022,Adjudicado,"EL SAUZ CONSTRUCCIONES SA DE CV,","$3,433,219.29"
CFE-0201-ADAAN-0001-2022,NO,Baja California,ADQUISICIÓN DE 3 TERMINALES DE CABLE SUBTERRÁNEO 115 Kv Y SERVICIO DE INSTALACIÓN DE 3 TERMINALES DE TRANSICIÓN,Adjudicación directa,Adquisición por Abastecimientos,27-10-2022,Adjudicado,"NEZCO S DE RL DE CV,","$863,982.00"
CFE-0201-CSCON-0006-2022,NO,Baja California,TENDIDO DE FIBRA ÓPTICA ENLACE S.E. CPU- S.E. CPC L-83230 DE LA ZONA DE TRANSMISIÓN VALLE,Concurso simplificado,Contratación de Obras,20-10-2022,Adjudicado,"EL SAUZ CONSTRUCCIONES SA DE CV,","$1,744,379.82"
CFE-0201-CSCON-0005-2022,NO,Baja California,OBRA DE MANTENIMIENTO EN SUBESTACIONES DE LA ZONA DE TRANSMISIÓN SUR,Concurso simplificado,Contratación de Obras,20-10-2022,Adjudicado,"LUIS DANIEL GOMEZ VERDUGO,","$1,703,083.37"
CFE-0201-CSAAN-0003-2022,NO,Baja California,REGISTROS DE CONCRETO POLIMÉRICO CON TAPA,Concurso simplificado,Adquisición por Abastecimientos,05-10-2022,Desierto,,$0.00
CFE-0201-CSCON-0004-2022,NO,Baja California,SUSTITUCIÓN DE INTERRUPTORES EN SUBESTACIONES DE LA ZONA DE TRANSMISIÓN SUR,Concurso simplificado,Contratación de Obras,27-09-2022,Adjudicado,"LUIS DANIEL GOMEZ VERDUGO,","$1,614,182.97"
CFE-0201-ADSAN-0001-2022,NO,Baja California,SERVICIO DE VIGILANCIA PRIVADA SIN ARMAS PARA INSTALACIONES DE LA GERENCIA REGIONAL DE TRANSMISIÓN BAJA CALIFORNIA DURANTE 60 DÍAS NATURALES,Adjudicación directa,Servicio por Abastecimiento,22-09-2022,Adjudicado,"COMERCIALIZADORA DE SEGURIDAD PRIVADA Y EMPRESARIAL ERUMA S DE R,","$4,873,200.00"
CFE-0201-CSAAN-0002-2022,NO,Baja California,ADQUISICION AGUA DESMINERALIZADA PARA SECTOR ENSENADA,Concurso simplificado,Adquisición por Abastecimientos,07-09-2022,Desierto,,$0.00
CFE-0201-CSAAA-0002-2022,NO,Baja California,ADQUISICIÓN DE ARTÍCULOS DE SEGURIDAD PERSONAL Y DE GRUPO PARA LA GRTBC Y SUS ZONAS DE TRANSMISIÓN,Concurso simplificado,Adquisición por Abastecimientos,25-08-2022,Adjudicado,"EEPAT DE MEXICO SA DE CV,SOLERTO COMERCIALIZADORA SA DE CV,TOLEDO FABRICA DE CINTURONES Y BANDOLAS SA DE CV,","$988,874.00"
CFE-0201-CSSAN-0014-2022,NO,Baja California,"SERVICIO DE FUMIGACIÓN DE CASETAS DE CONTROL, PREDIOS DE SUBESTACIONES, OFICINAS E INSTALACIONES DE COMUNICACION DE LA ZONA DE TRANSMISION SUR, 2022",Concurso simplificado,Servicio por Abastecimiento,24-05-2022,Adjudicado,"JOSE LUIS VILLARREAL GONZALEZ,","$205,800.00"
CFE-0201-CSCON-0003-2022,NO,Baja California,MANTENIMIENTO CIVIL A INSTALACIONES DE LA ZONA DE TRANSMISION VALLE,Concurso simplificado,Contratación de Obras,18-05-2022,Desierto,,$0.00
CFE-0201-CSSAN-0013-2022,NO,Baja California,SERVICIO DE MANTENIMIENTO DE JARDINERÍA Y ÁREAS VERDES DE LA ZONA DE TRANSMISIÓN VALLE,Concurso simplificado,Servicio por Abastecimiento,17-05-2022,Desierto,,$0.00
CFE-0201-CSSAN-0011-2022,NO,Baja California,MANTENIMIENTO A EQUIPOS DE AIRE ACONDICIONADO DE LAS INSTALACIONES DE LA ZONA DE TRANSMISIÓN VALLE 2022,Concurso simplificado,Servicio por Abastecimiento,11-05-2022,Adjudicado,"ANTONIO OLETA ARGIL,","$405,300.00"
CFE-0201-CSCON-0002-2022,NO,Baja California,TRABAJOS DE REPARACION Y MANTENIMIENTO EN INMUEBLES ZTC,Concurso simplificado,Contratación de Obras,29-04-2022,Adjudicado,"OSCAR ALEJANDRO VAZQUEZ ARIAS,","$814,239.32"
CFE-0201-CSAAA-0001-2022,NO,Baja California,COMPRESOR PORTÁTIL PARA TENDIDO DE FIBRA ÓPTICA SUBTERRÁNEO MEDIANTE AIRE FORZADO,Concurso simplificado,Adquisición por Abastecimientos,28-04-2022,Adjudicado,"FIBREMEX SA DE CV,","$1,499,990.00"
CFE-0201-CSAAN-0001-2022,NO,Baja California,“ADQUISICIÓN AGUA DESMINERALIZADA PARA SECTOR ENSENADA 2022”,Concurso simplificado,Adquisición por Abastecimientos,20-04-2022,Desierto,,$0.00
CFE-0201-CSSAN-0010-2022,NO,Baja California,SERVICIO DE MANTENIMIENTO 2022 A EQUIPOS DE AIRE ACONDICIONADO DE LA SEDE DE LA GERENCIA REGIONAL DE TRANSMISIÓN BAJA CALIFORNIA,Concurso simplificado,Servicio por Abastecimiento,08-04-2022,Adjudicado,"RAUL QUIROZ NEVAREZ,","$373,300.00"
CFE-0201-CSSAN-0008-2022,NO,Baja California,“SERVICIO DE SUMINISTRO A GRANEL DE AGUA PURIFICADA Y HIELO PARA LAS INSTALACIONES DE LA ZONA DE TRANSMISIÓN VALLE”,Concurso simplificado,Servicio por Abastecimiento,06-04-2022,Adjudicado,"CRISTINA LUNA AVILA,","$177,662.00"
CFE-0201-CSSAN-0009-2022,NO,Baja California,SERVICIO DE AGUA POTABLE EN CISTERNAS DE LA ZONA DE TRANSMISIÓN VALLE,Concurso simplificado,Servicio por Abastecimiento,06-04-2022,Desierto,,$0.00
CFE-0201-CSSAN-0007-2022,NO,Baja California,SERVICIO ANUAL DE LIMPIEZA DE CASETAS ZTC 2022,Concurso simplificado,Servicio por Abastecimiento,06-04-2022,Desierto,,$0.00
CFE-0201-CSCON-0001-2022,NO,Baja California,"MANTENIMIENTO DE BRECHAS, CAMINOS DE ACCESO Y RETIRO DE MALEZA EN DERECHO DE VIA DE LAS LINEAS DE TRANSMISION DE LA G.R.T.B.C. 2022",Concurso simplificado,Contratación de Obras,25-03-2022,Adjudicado,"EL SAUZ CONSTRUCCIONES SA DE CV,FLORENTINO ALVAREZ GARCIA,","$3,917,200.46"
CFE-0201-CSSAN-0006-2022,NO,Baja California,SERVICIO DE MANTENIMIENTO Y RECARGA DE EXTINTORES DE LA ZONA DE TRANSMISIÓN COSTA 2022,Concurso simplificado,Servicio por Abastecimiento,22-03-2022,Adjudicado,"SANI ROTER SA DE CV,","$335,500.00"
CFE-0201-CSSAN-0005-2022,NO,Baja California,SERVICIO ANUAL DE MANTENIMIENTO A EQUIPO DE AIRE ACONDICIONADO INSTALACIONES ZTC 2022,Concurso simplificado,Servicio por Abastecimiento,16-03-2022,Contrato Sin Formalizar,"MIGUEL PRADO HERNANDEZ,","$499,650.00"
CFE-0201-CSSAN-0004-2022,NO,Baja California,SERVICIO DE MANTENIMIENTO 2022 A ÁREAS VERDES DE LA SEDE DE LA GERENCIA REGIONAL DE TRANSMISIÓN BAJA CALIFORNIA,Concurso simplificado,Servicio por Abastecimiento,16-03-2022,Adjudicado,"MATILDE LOPEZ GONZALEZ,","$133,920.00"
CFE-0201-CSSAN-0003-2022,NO,Baja California,SERVICIO ANUAL DE RECOLECCIÓN DE BASURA EN INSTALACIONES ZTC 2022,Concurso simplificado,Servicio por Abastecimiento,10-03-2022,Adjudicado,"RECOLECTORA DE DESECHOS Y RESIDUOS KING KONG SA DE CV,","$326,901.42"
CFE-0201-CSSAN-0002-2022,NO,Baja California,"SERVICIO DE MANTENIMIENTO PREVENTIVO A EQUIPOS DE AIRES ACONDICIONADOS TIPO PAQUETE Y MINI SPLIT DE LA ZONA DE TRANSMISIÓN SUR, 2022",Concurso simplificado,Servicio por Abastecimiento,24-02-2022,Adjudicado,"DEL PUERTO REFRIGERACION Y EQUIPOS SA DE CV,israel ARAIZA GAUCIN,","$177,705.68"
CFE-0201-CSSAN-0001-2022,NO,Baja California,SERVICIO DE FUMIGACION EN OFICINAS Y SUBESTACIONES DE LA ZTC 2022,Concurso simplificado,Servicio por Abastecimiento,22-02-2022,Adjudicado,"AIDA GARCIA ORTEGA,","$324,108.00"
CFE-0201-CACON-0001-2021,NO,Baja California,"MANTENIMIENTO DE BRECHAS, CAMINOS DE ACCESO Y RETIRO DE MALEZA EN DERECHO DE VIA DE LAS LINEAS DE TRANSMISION DE LA G.R.T.B.C. 2022",Concurso abierto,Contratación de Obras,27-12-2021,Desierto,,$0.00
CFE-0201-CSSAN-0025-2021,NO,Baja California,SERVICIO DE LIMPIEZA Y DESHIERBE EN INSTALACIONES ZTC 2022,Concurso simplificado,Servicio por Abastecimiento,23-12-2021,Adjudicado,"AIDA GARCIA ORTEGA,CONSTRUCCIONES SUMINISTROS Y MANTENIMIENTOS RG SA DE CV,OSCAR ALEJANDRO VAZQUEZ ARIAS,","$1,833,442.50"
CFE-0201-CSSAN-0024-2021,NO,Baja California,"LIMPIEZA DE INSTALACIONES DE LA ZONA DE TRANSMISIÓN VALLE, 2022",Concurso simplificado,Servicio por Abastecimiento,23-12-2021,Adjudicado,"SAULO EMANUEL DIAZ CORRAL,","$1,230,000.00"
CFE-0201-CSSAN-0023-2021,NO,Baja California,"SERVICIO DE LIMPIEZA Y DESHIERBE DE SUBESTACIONES, LIMPIEZA DE CASETAS Y BAÑOS DE SUBESTACIONES DE LA ZONA DE TRANSMISIÓN SUR, 2022",Concurso simplificado,Servicio por Abastecimiento,22-12-2021,Adjudicado,"israel ARAIZA GAUCIN,","$920,542.55"
CFE-0201-CSAAN-0013-2021,NO,Baja California,CALZADO PARA PERSONAL DE OFICINA 2022,Concurso simplificado,Adquisición por Abastecimientos,16-11-2021,Adjudicado,"RENATO ESPINOZA LUNA,","$528,410.00"
CFE-0201-CSAAN-0014-2021,NO,Baja California,TOALLAS Y JABONES 2022 GRTBC,Concurso simplificado,Adquisición por Abastecimientos,16-11-2021,Adjudicado,"VIMA SUMINISTROS INDUSTRIALES SA DE CV,SUMEXSA SA DE CV,","$242,844.60"
CFE-0201-CSSAN-0022-2021,NO,Baja California,SERVICIOS DE MANTENIMIENTO PREVENTIVO AL PARQUE VEHICULAR DE LA G.R.T.B.C. 2021,Concurso simplificado,Servicio por Abastecimiento,29-10-2021,Desierto,,$0.00
CFE-0201-CSAAA-0015-2021,NO,Baja California,"ADQUISICIÓN DE CABLE DE COBRE DESNUDO, CONECTORES Y MOLDES PARA LA REPOSICIÓN DE TIERRAS ZTC",Concurso simplificado,Adquisición por Abastecimientos,29-10-2021,Adjudicado,"MAYOREO ELECTROMECANICO SA DE CV,","$456,641.12"
CFE-0201-CSSAN-0021-2021,NO,Baja California,"IDENTIFICACIÓN, ANÁLISIS, PREVENCIÓN, DIFUSIÓN, ASISTENCIA, RELACIONADAS CON LA IMPLANTACIÓN Y GESTIÓN DE LA NORMA NOM-035-STPS-2018 FACTORES DE RIESGO PSICOSOCIAL EN EL TRABAJO-IDENTIFICACIÓN, ANÁLIS",Concurso simplificado,Servicio por Abastecimiento,29-10-2021,Desierto,,$0.00
CFE-0201-CSCON-0031-2021,NO,Baja California,OBRAS DE INVERSION EN SUBESTACIONES DE LAS LINEAS DE LA ZONA DE TRANSMISION SUR 2021,Concurso simplificado,Contratación de Obras,27-10-2021,Adjudicado,"GRUPO HDM CONSTRUCCIONES SA DE CV,","$889,479.85"
CFE-0201-CSAAA-0013-2021,NO,Baja California,ADQUISICIÓN DE BOTA DE LINIERO 2022,Concurso simplificado,Adquisición por Abastecimientos,27-10-2021,Adjudicado,"UNIFORMES JULIAN SA DE CV,","$413,820.00"
CFE-0201-CSAAA-0012-2021,NO,Baja California,ADQUISICIÓN DE EQUIPOS DE PROTECCIÓN PERSONAL PARA PERSONAL DE LA ZONA DE TRANSMISIÓN VALLE,Concurso simplificado,Adquisición por Abastecimientos,22-10-2021,Adjudicado,"DAFNE VARGAS DIAZ,","$105,118.77"
CFE-0201-CSAAN-0011-2021,NO,Baja California,ADQUISICIÓN DE CHAMARRAS GRTBC 2022,Concurso simplificado,Adquisición por Abastecimientos,22-10-2021,Adjudicado,"FRENCH CHIC SA DE CV,","$510,000.00"
CFE-0201-CSAAN-0012-2021,NO,Baja California,ADQUISICIÓN DE ROPA DE TRABAJO PERSONAL DE CAMPO 2022,Concurso simplificado,Adquisición por Abastecimientos,22-10-2021,Adjudicado,"UNIFORMES JULIAN SA DE CV,","$1,196,910.00"
CFE-0201-CSSAN-0020-2021,NO,Baja California,"SERVICIO DE MANTENIMIENTO Y RECARGA A EXTINTORES DE ZONA DE TRANSMISIÓN SUR, AÑO 2021",Concurso simplificado,Servicio por Abastecimiento,21-10-2021,Adjudicado,"EQUIPOS ESPECIALES DE SEGURIDAD SA DE CV,","$326,030.00"
CFE-0201-CSAAA-0011-2021,NO,Baja California,"ADQUISICION DE DETECTOR DE METAL, WINCH O CABESTRANTE PARA AUTOMOVIL Y BASE PARA CABESTRANTE",Concurso simplificado,Adquisición por Abastecimientos,21-10-2021,Desierto,,$0.00
CFE-0201-CSCON-0030-2021,NO,Baja California,REHABILITACION DE CIMENTACIONES ESTRUCTURAS DE ACERO DE LAS LINEAS DE LA ZONA DE TRANSMISION SUR 2021,Concurso simplificado,Contratación de Obras,21-10-2021,Adjudicado,"israel ARAIZA GAUCIN,","$948,772.35"
CFE-0201-CSAAN-0010-2021,NO,Baja California,ADQUISICIÓN DE BOTA DIELÉCTRICA 2022,Concurso simplificado,Adquisición por Abastecimientos,21-10-2021,Adjudicado,"COMANDO SA DE CV,","$866,320.00"
CFE-0201-CSAAA-0010-2021,NO,Baja California,ROPA DE TRABAJO PARA PERSONAL DE OFICINA 2022,Concurso simplificado,Adquisición por Abastecimientos,20-10-2021,Adjudicado,"JOSE ANGEL MURILLO GAMEZ,","$2,227,048.00"
CFE-0201-CSAAN-0009-2021,NO,Baja California,TOALLAS Y JABONES 2022 GRTBC,Concurso simplificado,Adquisición por Abastecimientos,18-10-2021,Desierto,,$0.00
CFE-0201-CSAAN-0008-2021,NO,Baja California,REGISTROS DE CONCRETO POLIMÉRICO CON TAPA,Concurso simplificado,Adquisición por Abastecimientos,13-10-2021,Adjudicado,"CENTRIFUGADOS MEXICANOS SA DE CV,","$487,500.00"
CFE-0201-CSCON-0029-2021,NO,Baja California,TRABAJOS DE MEJORAS Y MANTENIMIENTO INTEGRAL A INFRAESTRUCTURA DE LA ZONA DE TRANSMISION VALLE,Concurso simplificado,Contratación de Obras,08-10-2021,Desierto,,$0.00
CFE-0201-CSCON-0028-2021,NO,Baja California,TRABAJOS DE REPARACION Y MANTENIMIENTO EN INMUEBLES DE LA ZONA TRANSMISION COSTA.,Concurso simplificado,Contratación de Obras,08-10-2021,Desierto,,$0.00
CFE-0201-CSAAA-0009-2021,NO,Baja California,"ADQUISICIÓN DEL EQUIPO DE SEGURIDAD PERSONAL Y DE GRUPO PARA LA ZONA DE TRANSMISIÓN SUR, EL AÑO 2021",Concurso simplificado,Adquisición por Abastecimientos,07-10-2021,Adjudicado,"FRANCISCO COTA OLACHEA,TOLEDO FABRICA DE CINTURONES Y BANDOLAS SA DE CV,PROVEEDORES INDUSTRIALES DE EQUIPOS Y REFACCIONES UNIVERSALES SA,","$178,014.90"
CFE-0201-CSAAA-0008-2021,NO,Baja California,ADQUISICIÓN DE EQUIPO DE PROTECCIÓN PERSONAL ZONA DE TRANSMISIÓN COSTA,Concurso simplificado,Adquisición por Abastecimientos,06-10-2021,Adjudicado,"RENATO ESPINOZA LUNA,SERGO EQUIPOS Y HERRAMIENTAS SA DE CV,","$162,745.00"
CFE-0201-CSCON-0027-2021,NO,Baja California,TENDIDO DE CABLE OPGW EN EL TRAMO L.T. GAO-73270-VIO Y COR-93110/93120-OLA DE LA ZONA DE TRANSMISION SUR,Concurso simplificado,Contratación de Obras,05-10-2021,Adjudicado,"GRUPO HDM CONSTRUCCIONES SA DE CV,","$892,056.11"
CFE-0201-CSCON-0026-2021,NO,Baja California,OBRAS CIVILES DE MANTENIMIENTO A INFRAESTRUCTURA DE COMUNICACIONES DE LA ZONA DE TRANSMISION SUR,Concurso simplificado,Contratación de Obras,05-10-2021,Adjudicado,"LUIS DANIEL GOMEZ VERDUGO,","$1,128,392.53"
CFE-0201-CSCON-0025-2021,NO,Baja California,TRABAJOS DE ADECUACION A EDIFICIO ADMINISTRATIVO DE LA ZONA DE TRANSMISION COSTA,Concurso simplificado,Contratación de Obras,30-09-2021,Adjudicado,"CONSTRUCTORA CASINSA S DE RL DE CV,","$648,917.56"
CFE-0201-CSCON-0023-2021,NO,Baja California,REHABILITACION DE CIMENTACIONES ESTRUCTURAS DE ACERO DE LAS LINEAS DE LA ZONA DE TRANSMISION SUR 2021,Concurso simplificado,Contratación de Obras,29-09-2021,Desierto,,$0.00
CFE-0201-CSCON-0024-2021,NO,Baja California,"OBRAS CIVILES PARA SEDE Y SECTORES DE LA ZONA DE TRANSMISION SUR 2021, FONDO 083",Concurso simplificado,Contratación de Obras,29-09-2021,Adjudicado,"JESUS ARTURO RAMIREZ VALLE,","$1,640,745.80"
CFE-0201-CSCON-0022-2021,NO,Baja California,TRABAJOS DE REPARACION Y MANTENIMIENTO EN INMUEBLES DE LA ZONA TRANSMISION COSTA,Concurso simplificado,Contratación de Obras,24-09-2021,Desierto,,$0.00
CFE-0201-CSAAA-0007-2021,NO,Baja California,SOPLADORA PARA FIBRA ÓPTICA Y COMPRESOR PORTATIL,Concurso simplificado,Adquisición por Abastecimientos,23-09-2021,Adjudicado,"FIBREMEX SA DE CV,","$575,000.00"
CFE-0201-CSAAA-0005-2021,NO,Baja California,LLANTAS 2021 PARA PARQUE VEHICULAR DE LA SEDE Y ZONAS TRANSMISION DE LA GRTBC,Concurso simplificado,Adquisición por Abastecimientos,10-09-2021,Adjudicado,"ARMANDO MACIAS JUAREZ,TECNICENTRO ROYAL SA DE CV,","$537,089.40"
CFE-0201-CSCON-0021-2021,NO,Baja California,OBRAS CIVILES DE MANTENIMIENTO A INFRAESTRUCTURA DE COMUNICACIONES DE LA ZONA DE TRANSMISION SUR,Concurso simplificado,Contratación de Obras,10-09-2021,Desierto,,$0.00
CFE-0201-CSAAA-0006-2021,NO,Baja California,SOPLADORA PARA FIBRA ÓPTICA Y COMPRESOR PORTATIL,Concurso simplificado,Adquisición por Abastecimientos,10-09-2021,Desierto,,$0.00
CFE-0201-CSCON-0020-2021,NO,Baja California,TRABAJOS DE REPARACION Y MANTENIMIENTO EN INMUEBLES DE LA ZONA TRANSMISION COSTA,Concurso simplificado,Contratación de Obras,08-09-2021,Desierto,,$0.00
CFE-0201-CSCON-0019-2021,NO,Baja California,MANTENIMIENTO CIVIL A INSTALACIONES DE LA ZONA DE TRANSMISION VALLE 2021,Concurso simplificado,Contratación de Obras,08-09-2021,Adjudicado,"ROBERTO GALAVIZ RENTERIA,","$1,065,535.88"
CFE-0201-CSCON-0018-2021,NO,Baja California,TRABAJOS DE ADECUACION A EDIFICIO ADMINISTRATIVO DE LA ZONA DE TRANSMISION COSTA,Concurso simplificado,Contratación de Obras,01-09-2021,Desierto,,$0.00
